,train_acc,test_acc
S1,0.5506412874212636,0.2875921613107795
S2,0.6438499925102072,0.37551605154818346
S3,0.5754384658487036,0.5335014996714074
S4,0.4524704030875501,0.20867989496545464
