,ACC,DP_diff,EO_diff
1,0.5749688671438452,0.0,0.2
2,0.5748618587408515,0.2,0.6
3,0.576417278677619,0.0,0.0
4,0.568263995110818,0.0,0.0
