,train_acc,test_acc
S1,0.4298186194880234,0.2748242374752117
S2,0.5457191202896687,0.36366123827050945
S3,0.5826001736394406,0.5326427133578944
S4,0.3719621767625619,0.20599708870389488
